
#  CATEGORY TABLE
INSERT INTO `category` (`value`, `name`) VALUES (1, 'Access');
INSERT INTO `category` (`value`, `name`) VALUES (2, 'Environmental');
INSERT INTO `category` (`value`, `name`) VALUES (3, 'Monitoring');
INSERT INTO `category` (`value`, `name`) VALUES (4, 'Physical Security');
INSERT INTO `category` (`value`, `name`) VALUES (5, 'Policy and Procedure');
INSERT INTO `category` (`value`, `name`) VALUES (6, 'Sensitive Data');
INSERT INTO `category` (`value`, `name`) VALUES (7, 'Vulnerabilities');
INSERT INTO `category` (`value`, `name`) VALUES (8, 'Third parties');

# CONTROL CLASS TABLE
INSERT INTO `control_class` (`value`, `name`) VALUES (1, 'Technical');
INSERT INTO `control_class` (`value`, `name`) VALUES (2, 'Operational');
INSERT INTO `control_class` (`value`, `name`) VALUES (3, 'Management');

# CONTROL MATURITY TABLE
INSERT INTO `control_maturity` (`value`, `name`) VALUES (0, 'Not executed');
INSERT INTO `control_maturity` (`value`, `name`) VALUES (1, 'Executed informally');
INSERT INTO `control_maturity` (`value`, `name`) VALUES (2, 'Planned and Tracked');
INSERT INTO `control_maturity` (`value`, `name`) VALUES (3, 'Well defined');
INSERT INTO `control_maturity` (`value`, `name`) VALUES (4, 'Measured');
INSERT INTO `control_maturity` (`value`, `name`) VALUES (5, 'In continuous optimization');

# CONTROL TYPE TABLE
INSERT INTO `control_phase` (`value`, `name`) VALUES (1, 'Physical');
INSERT INTO `control_phase` (`value`, `name`) VALUES (2, 'Procedural');
INSERT INTO `control_phase` (`value`, `name`) VALUES (3, 'Technical');
INSERT INTO `control_phase` (`value`, `name`) VALUES (4, 'Legal and Regulatory or Compliance');

# CONTROL TYPE TABLE
INSERT INTO `control_type` (`value`, `name`) VALUES (1, 'Standalone');
INSERT INTO `control_type` (`value`, `name`) VALUES (2, 'Project');
INSERT INTO `control_type` (`value`, `name`) VALUES (3, 'Enterprise');

# CUSTOM RISK MODEL VALUE TABLE
INSERT INTO `custom_risk_model_values` (`impact`, `likelihood`, `value`) VALUES (1, 1, 0.4);
INSERT INTO `custom_risk_model_values` (`impact`, `likelihood`, `value`) VALUES (1, 2, 0.8);
INSERT INTO `custom_risk_model_values` (`impact`, `likelihood`, `value`) VALUES (1, 3, 1.2);
INSERT INTO `custom_risk_model_values` (`impact`, `likelihood`, `value`) VALUES (1, 4, 1.6);
INSERT INTO `custom_risk_model_values` (`impact`, `likelihood`, `value`) VALUES (1, 5, 2.0);
INSERT INTO `custom_risk_model_values` (`impact`, `likelihood`, `value`) VALUES (2, 1, 0.8);
INSERT INTO `custom_risk_model_values` (`impact`, `likelihood`, `value`) VALUES (2, 2, 1.6);
INSERT INTO `custom_risk_model_values` (`impact`, `likelihood`, `value`) VALUES (2, 3, 2.4);
INSERT INTO `custom_risk_model_values` (`impact`, `likelihood`, `value`) VALUES (2, 4, 3.2);
INSERT INTO `custom_risk_model_values` (`impact`, `likelihood`, `value`) VALUES (2, 5, 4.0);
INSERT INTO `custom_risk_model_values` (`impact`, `likelihood`, `value`) VALUES (3, 1, 1.2);
INSERT INTO `custom_risk_model_values` (`impact`, `likelihood`, `value`) VALUES (3, 2, 2.4);
INSERT INTO `custom_risk_model_values` (`impact`, `likelihood`, `value`) VALUES (3, 3, 3.6);
INSERT INTO `custom_risk_model_values` (`impact`, `likelihood`, `value`) VALUES (3, 4, 4.8);
INSERT INTO `custom_risk_model_values` (`impact`, `likelihood`, `value`) VALUES (3, 5, 6.0);
INSERT INTO `custom_risk_model_values` (`impact`, `likelihood`, `value`) VALUES (4, 1, 1.6);
INSERT INTO `custom_risk_model_values` (`impact`, `likelihood`, `value`) VALUES (4, 2, 3.2);
INSERT INTO `custom_risk_model_values` (`impact`, `likelihood`, `value`) VALUES (4, 3, 4.8);
INSERT INTO `custom_risk_model_values` (`impact`, `likelihood`, `value`) VALUES (4, 4, 6.4);
INSERT INTO `custom_risk_model_values` (`impact`, `likelihood`, `value`) VALUES (4, 5, 8.0);
INSERT INTO `custom_risk_model_values` (`impact`, `likelihood`, `value`) VALUES (5, 1, 2.0);
INSERT INTO `custom_risk_model_values` (`impact`, `likelihood`, `value`) VALUES (5, 2, 4.0);
INSERT INTO `custom_risk_model_values` (`impact`, `likelihood`, `value`) VALUES (5, 3, 6.0);
INSERT INTO `custom_risk_model_values` (`impact`, `likelihood`, `value`) VALUES (5, 4, 8.0);
INSERT INTO `custom_risk_model_values` (`impact`, `likelihood`, `value`) VALUES (5, 5, 10.0);

# FAMILY TABLE
INSERT INTO `family` (`value`, `name`) VALUES (1, 'Governance');
INSERT INTO `family` (`value`, `name`) VALUES (2, 'Asset Management');
INSERT INTO `family` (`value`, `name`) VALUES (3, 'Business Continuity');
INSERT INTO `family` (`value`, `name`) VALUES (4, 'Compliance');
INSERT INTO `family` (`value`, `name`) VALUES (5, 'Configuration Management');
INSERT INTO `family` (`value`, `name`) VALUES (6, 'Continuous Monitoring');
INSERT INTO `family` (`value`, `name`) VALUES (7, 'Cryptographic Protections');
INSERT INTO `family` (`value`, `name`) VALUES (8, 'Classification and Manipulation of Information');
INSERT INTO `family` (`value`, `name`) VALUES (9, 'Desktop Security');
INSERT INTO `family` (`value`, `name`) VALUES (10, 'Human Resources Security');
INSERT INTO `family` (`value`, `name`) VALUES (11, 'Identities & Authentication');
INSERT INTO `family` (`value`, `name`) VALUES (12, 'Incident Response');
INSERT INTO `family` (`value`, `name`) VALUES (13, 'Maintenance');
INSERT INTO `family` (`value`, `name`) VALUES (14, 'Network Security');
INSERT INTO `family` (`value`, `name`) VALUES (15, 'Physical environment security');
INSERT INTO `family` (`value`, `name`) VALUES (16, 'Risk management');
INSERT INTO `family` (`value`, `name`) VALUES (17, 'Security Architecture');
INSERT INTO `family` (`value`, `name`) VALUES (18, 'Third Party Management');
INSERT INTO `family` (`value`, `name`) VALUES (19, 'Development & Acquisition of technologies');
INSERT INTO `family` (`value`, `name`) VALUES (20, 'Vulnerability and patch management');
INSERT INTO `family` (`value`, `name`) VALUES (21, 'Security Awareness and Training');
INSERT INTO `family` (`value`, `name`) VALUES (22, 'Internet security');


# FILE TYPE EXTENSIONS TABLE
INSERT INTO `file_type_extensions` (`value`, `name`) VALUES (12, 'csv');
INSERT INTO `file_type_extensions` (`value`, `name`) VALUES (14, 'doc');
INSERT INTO `file_type_extensions` (`value`, `name`) VALUES (20, 'docx');
INSERT INTO `file_type_extensions` (`value`, `name`) VALUES (16, 'dot');
INSERT INTO `file_type_extensions` (`value`, `name`) VALUES (6, 'dotx');
INSERT INTO `file_type_extensions` (`value`, `name`) VALUES (1, 'gif');
INSERT INTO `file_type_extensions` (`value`, `name`) VALUES (15, 'gz');
INSERT INTO `file_type_extensions` (`value`, `name`) VALUES (4, 'jpeg');
INSERT INTO `file_type_extensions` (`value`, `name`) VALUES (2, 'jpg');
INSERT INTO `file_type_extensions` (`value`, `name`) VALUES (19, 'msg');
INSERT INTO `file_type_extensions` (`value`, `name`) VALUES (5, 'pdf');
INSERT INTO `file_type_extensions` (`value`, `name`) VALUES (3, 'png');
INSERT INTO `file_type_extensions` (`value`, `name`) VALUES (9, 'rtf');
INSERT INTO `file_type_extensions` (`value`, `name`) VALUES (10, 'txt');
INSERT INTO `file_type_extensions` (`value`, `name`) VALUES (18, 'xla');
INSERT INTO `file_type_extensions` (`value`, `name`) VALUES (13, 'xls');
INSERT INTO `file_type_extensions` (`value`, `name`) VALUES (7, 'xlsx');
INSERT INTO `file_type_extensions` (`value`, `name`) VALUES (17, 'xlt');
INSERT INTO `file_type_extensions` (`value`, `name`) VALUES (11, 'xml');
INSERT INTO `file_type_extensions` (`value`, `name`) VALUES (8, 'zip');

# IMPACT TABLE
INSERT INTO `impact` (`name`, `value`) VALUES ('Insignificant', 1);
INSERT INTO `impact` (`name`, `value`) VALUES ('Minor', 2);
INSERT INTO `impact` (`name`, `value`) VALUES ('Moderate', 3);
INSERT INTO `impact` (`name`, `value`) VALUES ('Major', 4);
INSERT INTO `impact` (`name`, `value`) VALUES ('Extreme/Catastrophic', 5);


# LIKELIHOOD TABLE
INSERT INTO `likelihood` (`name`, `value`) VALUES ('Remote', 1);
INSERT INTO `likelihood` (`name`, `value`) VALUES ('Unlikely', 2);
INSERT INTO `likelihood` (`name`, `value`) VALUES ('Believable', 3);
INSERT INTO `likelihood` (`name`, `value`) VALUES ('Likely', 4);
INSERT INTO `likelihood` (`name`, `value`) VALUES ('Almost certain', 5);

# NEXT STEP TABLE
INSERT INTO `next_step` (`value`, `name`) VALUES (1, 'Accept until Next Review');
INSERT INTO `next_step` (`value`, `name`) VALUES (2, 'Consider for Project');
INSERT INTO `next_step` (`value`, `name`) VALUES (3, 'Submit as a Production Issue');
INSERT INTO `next_step` (`value`, `name`) VALUES (4, 'Reject');


# PERMISSIONS TABLE 
INSERT INTO `permissions` (`id`, `key`, `name`, `description`, `order`) VALUES (1, 'governance', 'Allow Access to \"Governance\" Menu', 0x54686973207065726D697373696F6E206772616E7473206120757365722061636365737320746F207468652022476F7665726E616E636522206D656E7520696E2053696D706C655269736B2E, 1);
INSERT INTO `permissions` (`id`, `key`, `name`, `description`, `order`) VALUES (2, 'add_new_frameworks', 'Able to Add New Frameworks', 0x54686973207065726D697373696F6E20616C6C6F77732061207573657220746F20637265617465206E657720436F6E74726F6C204672616D65776F726B7320696E207468652022476F7665726E616E636522206D656E752061742074686520746F702C20666F6C6C6F7765642062792022446566696E6520436F6E74726F6C204672616D65776F726B7322206D656E75206F6E20746865206C6566742E, 2);
INSERT INTO `permissions` (`id`, `key`, `name`, `description`, `order`) VALUES (3, 'modify_frameworks', 'Able to Modify Existing Frameworks', 0x54686973207065726D697373696F6E20616C6C6F77732061207573657220746F206D6F64696679206578697374696E6720436F6E74726F6C204672616D65776F726B7320696E207468652022476F7665726E616E636522206D656E752061742074686520746F702C20666F6C6C6F7765642062792022446566696E6520436F6E74726F6C204672616D65776F726B7322206D656E75206F6E20746865206C6566742E, 3);
INSERT INTO `permissions` (`id`, `key`, `name`, `description`, `order`) VALUES (4, 'delete_frameworks', 'Able to Delete Existing Frameworks', 0x54686973207065726D697373696F6E20616C6C6F77732061207573657220746F2064656C657465206578697374696E6720436F6E74726F6C204672616D65776F726B7320696E207468652022476F7665726E616E636522206D656E752061742074686520746F702C20666F6C6C6F7765642062792022446566696E6520436F6E74726F6C204672616D65776F726B7322206D656E75206F6E20746865206C6566742E, 4);
INSERT INTO `permissions` (`id`, `key`, `name`, `description`, `order`) VALUES (5, 'add_new_controls', 'Able to Add New Controls', 0x54686973207065726D697373696F6E20616C6C6F77732061207573657220746F20616464206E6577204672616D65776F726B20436F6E74726F6C7320696E207468652022476F7665726E616E636522206D656E752061742074686520746F702C20666F6C6C6F7765642062792022446566696E6520436F6E74726F6C204672616D65776F726B7322206D656E75206F6E20746865206C656674207468656E20676F696E6720746F2074686520636F6E74726F6C73207461622E, 5);
INSERT INTO `permissions` (`id`, `key`, `name`, `description`, `order`) VALUES (6, 'modify_controls', 'Able to Modify Existing Controls', 0x54686973207065726D697373696F6E20616C6C6F77732061207573657220746F206D6F64696679206578697374696E67204672616D65776F726B20436F6E74726F6C7320696E207468652022476F7665726E616E636522206D656E752061742074686520746F702C20666F6C6C6F7765642062792022446566696E6520436F6E74726F6C204672616D65776F726B7322206D656E75206F6E20746865206C656674207468656E20676F696E6720746F2074686520636F6E74726F6C73207461622E, 6);
INSERT INTO `permissions` (`id`, `key`, `name`, `description`, `order`) VALUES (7, 'delete_controls', 'Able to Delete Existing Controls', 0x54686973207065726D697373696F6E20616C6C6F77732061207573657220746F2064656C657465206578697374696E67204672616D65776F726B20436F6E74726F6C7320696E207468652022476F7665726E616E636522206D656E752061742074686520746F702C20666F6C6C6F7765642062792022446566696E6520436F6E74726F6C204672616D65776F726B7322206D656E75206F6E20746865206C656674207468656E20676F696E6720746F2074686520636F6E74726F6C73207461622E, 7);
INSERT INTO `permissions` (`id`, `key`, `name`, `description`, `order`) VALUES (8, 'add_documentation', 'Able to Add Documentation', 0x54686973207065726D697373696F6E20616C6C6F77732061207573657220746F2075706C6F616420506F6C69636965732F47756964656C696E65732F5374616E64617264732F50726F6365647572657320696E207468652022476F7665726E616E636522206D656E752061742074686520746F702C20666F6C6C6F7765642062792022446F63756D656E742050726F6772616D22206F6E20746865206C6566742E, 8);
INSERT INTO `permissions` (`id`, `key`, `name`, `description`, `order`) VALUES (9, 'modify_documentation', 'Able to Modify Documentation', 0x54686973207065726D697373696F6E20616C6C6F77732061207573657220746F206D6F6469667920506F6C69636965732F47756964656C696E65732F5374616E64617264732F50726F6365647572657320696E207468652022476F7665726E616E636522206D656E752061742074686520746F702C20666F6C6C6F7765642062792022446F63756D656E742050726F6772616D22206F6E20746865206C6566742E, 9);
INSERT INTO `permissions` (`id`, `key`, `name`, `description`, `order`) VALUES (10, 'delete_documentation', 'Able to Delete Documentation', 0x54686973207065726D697373696F6E20616C6C6F77732061207573657220746F2064656C65746520506F6C69636965732F47756964656C696E65732F5374616E64617264732F50726F6365647572657320696E207468652022476F7665726E616E636522206D656E752061742074686520746F702C20666F6C6C6F7765642062792022446F63756D656E742050726F6772616D22206F6E20746865206C6566742E, 10);
INSERT INTO `permissions` (`id`, `key`, `name`, `description`, `order`) VALUES (11, 'view_exception', 'Able to View Exceptions', 0x54686973207065726D697373696F6E20616C6C6F77732061207573657220746F207669657720657863657074696F6E7320666F7220506F6C696369657320616E6420436F6E74726F6C732061732077656C6C20617320556E617070726F76656420457863657074696F6E7320696E207468652022476F7665726E616E636522206D656E752061742074686520746F702C20666F6C6C6F7765642062792022446566696E6520457863657074696F6E7322206F6E20746865206C6566742E, 11);
INSERT INTO `permissions` (`id`, `key`, `name`, `description`, `order`) VALUES (12, 'create_exception', 'Able to Create Exceptions', 0x54686973207065726D697373696F6E20616C6C6F77732061207573657220746F2063726561746520657863657074696F6E7320666F7220506F6C696369657320616E6420436F6E74726F6C7320696E207468652022476F7665726E616E636522206D656E752061742074686520746F702C20666F6C6C6F7765642062792022446566696E6520457863657074696F6E7322206F6E20746865206C6566742E, 12);
INSERT INTO `permissions` (`id`, `key`, `name`, `description`, `order`) VALUES (13, 'update_exception', 'Able to Update Exceptions', 0x54686973207065726D697373696F6E20616C6C6F77732061207573657220746F206D6F646966792F75706461746520657863657074696F6E7320666F7220506F6C696369657320616E6420436F6E74726F6C7320696E207468652022476F7665726E616E636522206D656E752061742074686520746F702C20666F6C6C6F7765642062792022446566696E6520457863657074696F6E7322206F6E20746865206C6566742E, 13);
INSERT INTO `permissions` (`id`, `key`, `name`, `description`, `order`) VALUES (14, 'delete_exception', 'Able to Delete Exceptions', 0x54686973207065726D697373696F6E20616C6C6F77732061207573657220746F2064656C65746520657863657074696F6E7320666F7220506F6C696369657320616E6420436F6E74726F6C7320696E207468652022476F7665726E616E636522206D656E752061742074686520746F702C20666F6C6C6F7765642062792022446566696E6520457863657074696F6E7322206F6E20746865206C6566742E, 14);
INSERT INTO `permissions` (`id`, `key`, `name`, `description`, `order`) VALUES (15, 'approve_exception', 'Able to Approve Exceptions', 0x54686973207065726D697373696F6E20616C6C6F77732061207573657220746F20617070726F766520616E20657863657074696F6E206D6F76696E672069742066726F6D2074686520556E617070726F76656420457863657074696F6E732074616220746F20697473207265737065636974766520506F6C696379206F7220436F6E74726F6C20457863657074696F6E732074616220696E207468652022476F7665726E616E636522206D656E752061742074686520746F702C20666F6C6C6F7765642062792022446566696E6520457863657074696F6E7322206F6E20746865206C6566742E, 15);
INSERT INTO `permissions` (`id`, `key`, `name`, `description`, `order`) VALUES (16, 'riskmanagement', 'Allow Access to \"Risk Management\" Menu', 0x54686973207065726D697373696F6E2077696C6C20616C6C6F772061207573657220746F207365652074686520225269736B204D616E6167656D656E7422206D656E7520696E2053696D706C655269736B20616E6420616C6C6F77207468656D20746F2075736520616E79207269736B206D616E6167656D656E7420726573706F6E736962696C697469657320746865792068617665206265656E2061737369676E65642E2049662061207573657220686173206265656E2061737369676E65642074686973207065726D697373696F6E2C20627574206E6F206F74686572732C20746865792077696C6C206F6E6C792062652061626C6520746F20736565207468652064657461696C7320666F72207269736B732C206D697469676174696F6E732C20616E6420726576696577732C206275742077696C6C206E6F742062652061626C6520746F2065646974206F72207375626D697420616E797468696E672E20284E6F74653A204966207465616D2D62617365642073657061726174696F6E20697320696E207573652C2075736572732077696C6C206F6E6C7920736565207269736B732074686174206172652061737369676E656420746F2061207465616D2074686579206172652070617274206F662C206F74686572776973652C206E6F207269736B732077696C6C20626520646973706C6179656420746F207468617420757365722E29, 1);
INSERT INTO `permissions` (`id`, `key`, `name`, `description`, `order`) VALUES (17, 'submit_risks', 'Able to Submit New Risks', 0x54686973207065726D697373696F6E2C20617320746865206E616D652073756767657374732C20616C6C6F777320666F7220746865207375626D697373696F6E206F66206E6577207269736B7320696E2074686520225269736B204D616E6167656D656E7422206D656E752E20496620612075736572206861732074686973207065726D697373696F6E2C2062757420646F6573206E6F74206861766520746865202241626C6520746F204D6F64696679205269736B22207065726D697373696F6E2C20746865792077696C6C206E6F742062652061626C6520746F2065646974207269736B732C206576656E20696620746865792061726520746865206F726967696E616C207375626D69747465722E, 2);
INSERT INTO `permissions` (`id`, `key`, `name`, `description`, `order`) VALUES (18, 'modify_risks', 'Able to Modify Risk Details', 0x54686973207065726D697373696F6E20616C6C6F777320757365727320746F2073617665206368616E676573206D61646520746F207269736B732E204E6F207269736B2C206D697469676174696F6E2C206F72207265766965772077696C6C2062652061626C6520746F206265206D6F6469666965642077697468206F75742069742E, 3);
INSERT INTO `permissions` (`id`, `key`, `name`, `description`, `order`) VALUES (19, 'close_risks', 'Able to Close Risks', 0x54686973207065726D697373696F6E206772616E74732061207573657220746865206162696C69747920746F20636C6F73652061207269736B2E, 4);
INSERT INTO `permissions` (`id`, `key`, `name`, `description`, `order`) VALUES (20, 'plan_mitigations', 'Able to Plan Mitigations', 0x54686973207065726D697373696F6E206973206E65636365737361727920616C6F6E67207769746820746865202241626C6520746F204D6F64696679205269736B7322207065726D697373696F6E2C20696E206F7264657220746F206769766520746865207573657220746865206162696C69747920746F20706C616E20616E642073617665206D697469676174696F6E732E, 5);
INSERT INTO `permissions` (`id`, `key`, `name`, `description`, `order`) VALUES (21, 'accept_mitigation', 'Able to Accept Mitigations', 0x54686973207065726D697373696F6E20616C6C6F77732061207573657220746F20616363657074207269736B206D697469676174696F6E732E20546869732069732073657061726174652066726F6D207375626D697474696E67206D697469676174696F6E732061732074686973206F6E6C792072656665727320746F2074686520636865636B20626F7820666F756E6420696E2065616368207269736B206D697469676174696F6E20746F207369676E696679207468697320706172746963756C6172206D697469676174696F6E20686173206265656E206163636570746564206279206D616E6167656D656E742E2054686973206973206E6F74206120636F7265207374657020696E20746865207269736B206D616E6167656D656E74206C696665206379636C6520616E642073657276657320617320616E206164646974696F6E616C206665617475726520666F72207573657273206E656564696E6720746F2064656C656761746520726573706F6E736962696C697469657320667572746865722E, 6);
INSERT INTO `permissions` (`id`, `key`, `name`, `description`, `order`) VALUES (22, 'review_insignificant', 'Able to Review Insignificant Risks', 0x54686973207065726D697373696F6E2C20616C6F6E67207769746820746865202241626C6520746F204D6F64696679205269736B7322207065726D697373696F6E2C2077696C6C206772616E7420746865207573657220746865206162696C69747920746F20726576696577207269736B732074686174206861766520612063757272656E742073636F7265207468617420776F756C64206265206C6162656C65642061732022496E7369676E69666963616E742220627920746865207269736B2073636F72696E672073797374656D2E20596F75206D6179206368616E6765207768696368207269736B2073636F7265732061726520646566696E65642061732022496E7369676E69666963616E74222062792073656C656374696E67207468652022436F6E66696775726522206D656E752061742074686520746F702C20666F6C6C6F7765642062792022436F6E666967757265205269736B20466F726D756C6122206F6E20746865206C6566742E, 7);
INSERT INTO `permissions` (`id`, `key`, `name`, `description`, `order`) VALUES (23, 'review_low', 'Able to Review Low Risks', 0x54686973207065726D697373696F6E2C20616C6F6E67207769746820746865202241626C6520746F204D6F64696679205269736B7322207065726D697373696F6E2C2077696C6C206772616E7420746865207573657220746865206162696C69747920746F20726576696577207269736B732074686174206861766520612063757272656E742073636F7265207468617420776F756C64206265206C6162656C656420617320224C6F772220627920746865207269736B2073636F72696E672073797374656D2E20596F75206D6179206368616E6765207768696368207269736B2073636F7265732061726520646566696E656420617320224C6F77222062792073656C656374696E67207468652022436F6E66696775726522206D656E752061742074686520746F702C20666F6C6C6F7765642062792022436F6E666967757265205269736B20466F726D756C6194206F6E20746865206C6566742E, 8);
INSERT INTO `permissions` (`id`, `key`, `name`, `description`, `order`) VALUES (24, 'review_medium', 'Able to Review Medium Risks', 0x54686973207065726D697373696F6E2C20616C6F6E67207769746820746865202241626C6520746F204D6F64696679205269736B7394207065726D697373696F6E2C2077696C6C206772616E7420746865207573657220746865206162696C69747920746F20726576696577207269736B732074686174206861766520612063757272656E742073636F7265207468617420776F756C64206265206C6162656C656420617320224D656469756D2220627920746865207269736B2073636F72696E672073797374656D2E20596F75206D6179206368616E6765207768696368207269736B2073636F7265732061726520646566696E656420617320224D656469756D222062792073656C656374696E67207468652022436F6E66696775726594206D656E752061742074686520746F702C20666F6C6C6F7765642062792022436F6E666967757265205269736B20466F726D756C6194206F6E20746865206C6566742E, 9);
INSERT INTO `permissions` (`id`, `key`, `name`, `description`, `order`) VALUES (25, 'review_high', 'Able to Review High Risks', 0x54686973207065726D697373696F6E2C20616C6F6E67207769746820746865202241626C6520746F204D6F64696679205269736B7394207065726D697373696F6E2C2077696C6C206772616E7420746865207573657220746865206162696C69747920746F20726576696577207269736B732074686174206861766520612063757272656E742073636F7265207468617420776F756C64206265206C6162656C65642061732022486967682220627920746865207269736B2073636F72696E672073797374656D2E20596F75206D6179206368616E6765207768696368207269736B2073636F7265732061726520646566696E6564206173202248696768222062792073656C656374696E67207468652022436F6E66696775726594206D656E752061742074686520746F702C20666F6C6C6F7765642062792022436F6E666967757265205269736B20466F726D756C6194206F6E20746865206C6566742E, 10);
INSERT INTO `permissions` (`id`, `key`, `name`, `description`, `order`) VALUES (26, 'review_veryhigh', 'Able to Review Very High Risks', 0x54686973207065726D697373696F6E2C20616C6F6E67207769746820746865202241626C6520746F204D6F64696679205269736B7394207065726D697373696F6E2C2077696C6C206772616E7420746865207573657220746865206162696C69747920746F20726576696577207269736B732074686174206861766520612063757272656E742073636F7265207468617420776F756C64206265206C6162656C656420617320225665727920486967682220627920746865207269736B2073636F72696E672073797374656D2E20596F75206D6179206368616E6765207768696368207269736B2073636F7265732061726520646566696E65642061732022566572792048696768222062792073656C656374696E67207468652022436F6E66696775726594206D656E752061742074686520746F702C20666F6C6C6F7765642062792022436F6E666967757265205269736B20466F726D756C6194206F6E20746865206C6566742E, 11);
INSERT INTO `permissions` (`id`, `key`, `name`, `description`, `order`) VALUES (27, 'comment_risk_management', 'Able to Comment Risk Management', 0x54686973207065726D697373696F6E20616C6C6F77732061207573657220746F2061646420636F6D6D656E747320746F207269736B7320746865792063616E206F746865727769736520616C7265616479206163636573732E, 12);
INSERT INTO `permissions` (`id`, `key`, `name`, `description`, `order`) VALUES (28, 'add_projects', 'Able to Add Projects', 0x54686973207065726D697373696F6E20616C6C6F77732061207573657220746F20637265617465206E65772050726F6A6563747320696E2074686520225269736B204D616E6167656D656E7422206D656E752061742074686520746F702C20666F6C6C6F7765642062792022506C616E2050726F6A6563747322206D656E75206F6E20746865206C6566742E, 13);
INSERT INTO `permissions` (`id`, `key`, `name`, `description`, `order`) VALUES (29, 'delete_projects', 'Able to Delete Projects', 0x54686973207065726D697373696F6E20616C6F77732061207573657220746F2064656C657465206578697374696E672070726F6A656374732066726F6D2074686520225269736B204D616E6167656D656E7422206D656E752061742074686520746F2C20666F6C6C6F7765642062792022506C616E2050726F6A6563747322206D656E75206F6E20746865206C6566742E, 14);
INSERT INTO `permissions` (`id`, `key`, `name`, `description`, `order`) VALUES (30, 'manage_projects', 'Able to Manage Projects', 0x54686973207065726D697373696F6E20616C6F77732061207573657220746F206D6F646669792F6D616E616765206578697374696E672070726F6A656374732066726F6D2074686520225269736B204D616E6167656D656E7422206D656E752061742074686520746F2C20666F6C6C6F7765642062792022506C616E2050726F6A6563747322206D656E75206F6E20746865206C6566742E, 15);
INSERT INTO `permissions` (`id`, `key`, `name`, `description`, `order`) VALUES (31, 'compliance', 'Allow Access to \"Compliance\" Menu', 0x54686973207065726D697373696F6E2077696C6C20616C6C6F7720757365727320746F2073656520616E6420616363657373207468652022436F6D706C69616E636522206D656E752061742074686520746F702E, 1);
INSERT INTO `permissions` (`id`, `key`, `name`, `description`, `order`) VALUES (32, 'comment_compliance', 'Able to Comment Compliance', 0x54686973207065726D697373696F6E20616C6C6F77732061207573657220746F2061646420636F6D6D656E747320746F20636F6E74726F6C2061756469747320746865792063616E206F746865727769736520616C7265616479206163636573732E, 2);
INSERT INTO `permissions` (`id`, `key`, `name`, `description`, `order`) VALUES (33, 'define_tests', 'Able to Define Tests', 0x54686973207065726D697373696F6E20616C6C6F77732061207573657220746F20646566696E652F63726561746520746573747320696E207468652022436F6D706C69616E636522206D656E752061742074686520746F702C20666F6C6C6F7765642062792022446566696E6520546573747322206F6E20746865206C6566742E, 3);
INSERT INTO `permissions` (`id`, `key`, `name`, `description`, `order`) VALUES (34, 'edit_tests', 'Able to Edit Tests', 0x54686973207065726D697373696F6E20616C6C6F77732061207573657220746F20656469742F6D6F6469667920746573747320696E207468652022436F6D706C69616E636522206D656E752061742074686520746F702C20666F6C6C6F7765642062792022446566696E6520546573747322206F6E20746865206C6566742E, 4);
INSERT INTO `permissions` (`id`, `key`, `name`, `description`, `order`) VALUES (35, 'delete_tests', 'Able to Delete Tests', 0x54686973207065726D697373696F6E20616C6C6F77732061207573657220746F2064656C65746520746573747320696E207468652022436F6D706C69616E636522206D656E752061742074686520746F702C20666F6C6C6F7765642062792022446566696E6520546573747322206F6E20746865206C6566742E, 5);
INSERT INTO `permissions` (`id`, `key`, `name`, `description`, `order`) VALUES (36, 'initiate_audits', 'Able to Initiate Audits', 0x54686973207065726D697373696F6E20616C6C6F77732061207573657220746F20696E6961746520616E206175646974206F662074657374732C20636F6E74726F6C732C20616E642F6F72206672616D65776F726B7320696E207468652022436F6D706C69616E636522206D656E752061742074686520746F7020666F6C6C6F7765642062792022496E6974696174652041756469747322206F6E20746865206C6566742E, 6);
INSERT INTO `permissions` (`id`, `key`, `name`, `description`, `order`) VALUES (37, 'modify_audits', 'Able to Modify Audits', 0x54686973207065726D697373696F6E20616C6C6F77732061207573657220746F206D6F6469667920617564697473206F662074657374732C20636F6E74726F6C732C20616E642F6F72206672616D65776F726B7320696E207468652022436F6D706C69616E636522206D656E752061742074686520746F7020666F6C6C6F77656420627920224163746976652041756469747322206F6E20746865206C6566742E, 7);
INSERT INTO `permissions` (`id`, `key`, `name`, `description`, `order`) VALUES (38, 'reopen_audits', 'Able to Reopen Audits', 0x54686973207065726D697373696F6E20616C6C6F77732061207573657220746F2072656F70656E20617564697473206F662074657374732C20636F6E74726F6C732C20616E642F6F72206672616D65776F726B7320696E207468652022436F6D706C69616E636522206D656E752061742074686520746F7020666F6C6C6F7765642062792022506173742041756469747322206F6E20746865206C6566742E, 8);
INSERT INTO `permissions` (`id`, `key`, `name`, `description`, `order`) VALUES (39, 'delete_audits', 'Able to Delete Audits', 0x54686973207065726D697373696F6E20616C6C6F77732061207573657220746F2064656C65746520617564697473206F662074657374732C20636F6E74726F6C732C20616E642F6F72206672616D65776F726B7320696E207468652022436F6D706C69616E636522206D656E752061742074686520746F7020666F6C6C6F7765642062792022506173742041756469747322206F6E20746865206C6566742E, 9);
INSERT INTO `permissions` (`id`, `key`, `name`, `description`, `order`) VALUES (40, 'asset', 'Allow Access to \"Asset Management\" Menu', 0x54686973207065726D697373696F6E20616C6C6F77732061207573657220746F206372656174652C206D6F646966792C20616E642064656C657465206173736574732E2054686973207065726D697373696F6E2077696C6C206772616E742074686520757365722066756C6C20636F6E74726F6C20696E20746865204173736574204D616E6167656D656E74204D656E752E, 1);
INSERT INTO `permissions` (`id`, `key`, `name`, `description`, `order`) VALUES (41, 'assessments', 'Allow Access to \"Assessments\" Menu', 0x54686973207065726D697373696F6E2077696C6C20616C6C6F772074686520757365722061636365737320746F2074686520224173736573736D656E747322206D656E752E2049662053696D706C655269736B206861732074686520225269736B204173736573736D656E742045787472612220656E61626C65642074686520757365722077696C6C206761696E2061636365737320746F20746869732061732077656C6C207769746820616C6C20746865207065726D7373696F6E7320746F206D616B652C206368616E67652C20616E642073656E64206173736573736D656E74732E, 1);
INSERT INTO `permissions` (`id`, `key`, `name`, `description`, `order`) VALUES (42, 'delete_risk', 'Able to Delete Risks', 0x54686520757365722069732061626C6520746F206669736963616C6C792064656C657465207269736B732066726F6D20746865206461746162617365, 4);
INSERT INTO `permissions` (`id`, `key`, `name`, `description`, `order`) VALUES (43, 'reports', 'Able to access reports', '', 1);


# PLANNING STRATEGY TABLE 
INSERT INTO `planning_strategy` (`value`, `name`) VALUES (1, 'Research');
INSERT INTO `planning_strategy` (`value`, `name`) VALUES (2, 'Accept');
INSERT INTO `planning_strategy` (`value`, `name`) VALUES (3, 'Mitigate');
INSERT INTO `planning_strategy` (`value`, `name`) VALUES (4, 'Observe');
INSERT INTO `planning_strategy` (`value`, `name`) VALUES (5, 'Transfer');
INSERT INTO `planning_strategy` (`value`, `name`) VALUES (6, 'Stop running');

# REVIEW TABLE
INSERT INTO `review` (`value`, `name`) VALUES (1, 'Approve Risk');
INSERT INTO `review` (`value`, `name`) VALUES (2, 'Reject Risk and Close');
INSERT INTO `review` (`value`, `name`) VALUES (3, 'Request Risk review');

# REVIEW LEVELS TABLE
INSERT INTO `review_levels` (`id`, `value`, `name`) VALUES (2, 90, 'High');
INSERT INTO `review_levels` (`id`, `value`, `name`) VALUES (3, 120, 'Medium');
INSERT INTO `review_levels` (`id`, `value`, `name`) VALUES (4, 240, 'Low');
INSERT INTO `review_levels` (`id`, `value`, `name`) VALUES (5, 360, 'Insignificant');
INSERT INTO `review_levels` (`id`, `value`, `name`) VALUES (1, 30, 'Very High');

# RISK CATALOG TABLE
INSERT INTO `risk_catalog` (`id`, `number`, `grouping`, `name`, `description`, `function`, `order`) VALUES (1, 'R-AC-1', 1, 'Inability to attribute individual responsibility', 'There was a failure to attribute responsibility for the assets and it is not possible to identify those responsible for actions or omissions.', 2, 1);
INSERT INTO `risk_catalog` (`id`, `number`, `grouping`, `name`, `description`, `function`, `order`) VALUES (2, 'R-AC-2', 1, 'Improper assignment of privileged roles', 'We failed to implement the principle of least privilege.', 2, 2);
INSERT INTO `risk_catalog` (`id`, `number`, `grouping`, `name`, `description`, `function`, `order`) VALUES (3, 'R-AC-3', 1, 'Escalation (increase) of privileges', 'Access to privileged functions is inappropriate or cannot be controlled.', 2, 3);
INSERT INTO `risk_catalog` (`id`, `number`, `grouping`, `name`, `description`, `function`, `order`) VALUES (4, 'R-AC-4', 1, 'Unauthorized access', 'Access has been granted to unauthorized individuals, groups, or services.', 2, 4);
INSERT INTO `risk_catalog` (`id`, `number`, `grouping`, `name`, `description`, `function`, `order`) VALUES (5, 'R-AM-1', 2, 'Assets, lost, damaged or stolen.', 'Assets have been stolen, damaged or lost.', 2, 5);
INSERT INTO `risk_catalog` (`id`, `number`, `grouping`, `name`, `description`, `function`, `order`) VALUES (6, 'R-AM-2', 2, 'Loss of integrity through unauthorized changes.', 'Unauthorized changes have corrupted the integrity of the system/application/service.', 2, 6);
INSERT INTO `risk_catalog` (`id`, `number`, `grouping`, `name`, `description`, `function`, `order`) VALUES (7, 'R-BC-1', 3, 'Business interruption', 'There is an increase in latency or service unavailability that negatively affects business operations.', 5, 7);
INSERT INTO `risk_catalog` (`id`, `number`, `grouping`, `name`, `description`, `function`, `order`) VALUES (8, 'R-BC-2', 3, 'Data loss or leakage.', 'Data was failed to maintain confidentiality (leakage) or it was corrupted (loss).', 5, 8);
INSERT INTO `risk_catalog` (`id`, `number`, `grouping`, `name`, `description`, `function`, `order`) VALUES (12, 'R-BC-3', 3, 'Reduction in productivity', 'Reduction in productivity', 2, 12);
INSERT INTO `risk_catalog` (`id`, `number`, `grouping`, `name`, `description`, `function`, `order`) VALUES (13, 'R-EX-1', 4, 'Loss of revenue', 'Revenue loss occurs due to loss of customers or inability to generate future revenue.', 5, 13);
INSERT INTO `risk_catalog` (`id`, `number`, `grouping`, `name`, `description`, `function`, `order`) VALUES (14, 'R-EX-2', 4, 'Contract cancellation', 'A contract is canceled due to non-compliance with a clause.', 5, 14);
INSERT INTO `risk_catalog` (`id`, `number`, `grouping`, `name`, `description`, `function`, `order`) VALUES (15, 'R-EX-3', 4, 'Loss of competitive advantage', 'An organization\'s competitive advantage is compromised. (Such as leaking industrial secrets)', 5, 15);
INSERT INTO `risk_catalog` (`id`, `number`, `grouping`, `name`, `description`, `function`, `order`) VALUES (16, 'R-EX-4', 4, 'Reputation degradation', 'Negative publicity affects the organization\'s reputation', 5, 16);
INSERT INTO `risk_catalog` (`id`, `number`, `grouping`, `name`, `description`, `function`, `order`) VALUES (17, 'R-EX-5', 4, 'Fines and law suits', 'Legal or financial damages resulting from regulatory or contractual problems.', 5, 17);
INSERT INTO `risk_catalog` (`id`, `number`, `grouping`, `name`, `description`, `function`, `order`) VALUES (18, 'R-EX-6', 4, 'Unmitigated vulnerabilities', 'Vulnerabilities exist without compensatory controls or other mitigating actions.', 2, 18);
INSERT INTO `risk_catalog` (`id`, `number`, `grouping`, `name`, `description`, `function`, `order`) VALUES (19, 'R-EX-7', 4, 'System compromise', 'Compromise of a system, application or service affects its confidentiality, integrity and availability.', 2, 19);
INSERT INTO `risk_catalog` (`id`, `number`, `grouping`, `name`, `description`, `function`, `order`) VALUES (20, 'R-BC-4', 3, 'Information requested/corrupted as a result of an attack', 'Malware, phishing, hacking or other attacks have compromised data, systems, applications or services.', 2, 20);
INSERT INTO `risk_catalog` (`id`, `number`, `grouping`, `name`, `description`, `function`, `order`) VALUES (21, 'R-BC-5', 3, 'Information compromised or lost as a result of human actions', 'Social engineering, sabotage or other non-technical attack has compromised or corrupted data, systems, applications or services.', 2, 21);
INSERT INTO `risk_catalog` (`id`, `number`, `grouping`, `name`, `description`, `function`, `order`) VALUES (22, 'R-GV-1', 5, 'Inability to support business processes', 'Implemented security and privacy practices are insufficient to support business processes.', 2, 1);
INSERT INTO `risk_catalog` (`id`, `number`, `grouping`, `name`, `description`, `function`, `order`) VALUES (24, 'R-GV-4', 5, 'Inadequate internal procedures', 'Internal procedures do not exist or are inadequate. The procedures fail to meet the good security practices defined for the business.', 2, 4);
INSERT INTO `risk_catalog` (`id`, `number`, `grouping`, `name`, `description`, `function`, `order`) VALUES (25, 'R-GV-5', 5, 'Inadequate third-party procedures', 'Third-party procedures fail to meet industry-expected standards', 2, 5);
INSERT INTO `risk_catalog` (`id`, `number`, `grouping`, `name`, `description`, `function`, `order`) VALUES (26, 'R-GV-3', 5, 'Lack of roles and responsibilities', 'Documentation of roles and responsibilities does not exist or is inadequate', 1, 3);
INSERT INTO `risk_catalog` (`id`, `number`, `grouping`, `name`, `description`, `function`, `order`) VALUES (27, 'R-GV-2', 5, 'Incoherent definition of control scope', 'The scope of a control was defined inconsistently or inadequately, creating a gap in the intended coverage of the control.', 1, 2);
INSERT INTO `risk_catalog` (`id`, `number`, `grouping`, `name`, `description`, `function`, `order`) VALUES (28, 'R-GV-8', 5, 'Illegal or abusive content', 'There is illegal/abusive/racist content that can affect business operations and the company\'s image.', 1, 8);
INSERT INTO `risk_catalog` (`id`, `number`, `grouping`, `name`, `description`, `function`, `order`) VALUES (29, 'R-SA-1', 6, 'Inability to maintain situational awareness', 'There is an inability to detect incidents.', 3, 29);
INSERT INTO `risk_catalog` (`id`, `number`, `grouping`, `name`, `description`, `function`, `order`) VALUES (30, 'R-SA-2', 6, 'Lack of safety awareness among personnel', 'Employees do not have a basic understanding of security and privacy principles.', 2, 30);
INSERT INTO `risk_catalog` (`id`, `number`, `grouping`, `name`, `description`, `function`, `order`) VALUES (31, 'R-GV-6', 5, 'Lack of supervision of internal controls', 'There is a lack of \"due care\" in the oversight of internal security controls.', 1, 6);
INSERT INTO `risk_catalog` (`id`, `number`, `grouping`, `name`, `description`, `function`, `order`) VALUES (32, 'R-GV-7', 5, 'Lack of oversight of third-party controls', 'There is a lack of \"due care\" in oversight of third-party security controls.', 1, 7);
INSERT INTO `risk_catalog` (`id`, `number`, `grouping`, `name`, `description`, `function`, `order`) VALUES (33, 'R-IR-1', 7, 'Inability to investigate/prosecute incidents', 'Response actions either corrupt evidence or impede the ability to prosecute (prosecute) incidents.', 4, 1);
INSERT INTO `risk_catalog` (`id`, `number`, `grouping`, `name`, `description`, `function`, `order`) VALUES (34, 'R-IR-2', 7, 'Improper incident response', 'Response actions fail to act correctly and at the right time in incidents.', 4, 2);
INSERT INTO `risk_catalog` (`id`, `number`, `grouping`, `name`, `description`, `function`, `order`) VALUES (35, 'R-IR-3', 7, 'Ineffective remediation actions', 'There is no oversight to ensure remediation actions are correct or effective.', 2, 3);
INSERT INTO `risk_catalog` (`id`, `number`, `grouping`, `name`, `description`, `function`, `order`) VALUES (36, 'R-IR-4', 7, 'Expenses associated with responding to an incident', 'The financial repercussions resulting from an incident or loss.', 4, 4);

# RISK FUNCTION TABLE
INSERT INTO `risk_function` (`value`, `name`) VALUES (1, 'Identify');
INSERT INTO `risk_function` (`value`, `name`) VALUES (2, 'Protect');
INSERT INTO `risk_function` (`value`, `name`) VALUES (3, 'Detect');
INSERT INTO `risk_function` (`value`, `name`) VALUES (4, 'Respond');
INSERT INTO `risk_function` (`value`, `name`) VALUES (5, 'Recover');

# RISK GROUPING TABLE
INSERT INTO `risk_grouping` (`value`, `name`, `default`, `order`) VALUES (1, 'Access control', 0, 1);
INSERT INTO `risk_grouping` (`value`, `name`, `default`, `order`) VALUES (2, 'Asset Management', 0, 2);
INSERT INTO `risk_grouping` (`value`, `name`, `default`, `order`) VALUES (3, 'Business continuity', 0, 3);
INSERT INTO `risk_grouping` (`value`, `name`, `default`, `order`) VALUES (4, 'Image exposure', 0, 4);
INSERT INTO `risk_grouping` (`value`, `name`, `default`, `order`) VALUES (5, 'Governance', 0, 5);
INSERT INTO `risk_grouping` (`value`, `name`, `default`, `order`) VALUES (6, 'Situational Awareness', 0, 7);
INSERT INTO `risk_grouping` (`value`, `name`, `default`, `order`) VALUES (7, 'Incident response', 0, 6);
INSERT INTO `risk_grouping` (`value`, `name`, `default`, `order`) VALUES (8, 'Unassociated items', 1, 0);

# RISK LEVELS TABLE
INSERT INTO `risk_levels` (`value`, `name`, `color`, `display_name`) VALUES (7.0, 'High', 'orangered', 'High');
INSERT INTO `risk_levels` (`value`, `name`, `color`, `display_name`) VALUES (4.0, 'Medium', 'orange', 'Medium');
INSERT INTO `risk_levels` (`value`, `name`, `color`, `display_name`) VALUES (0.0, 'Low', 'yellow', 'Low');
INSERT INTO `risk_levels` (`value`, `name`, `color`, `display_name`) VALUES (10.1, 'Very High', 'red', 'Very High');

# ROLE TABLE
INSERT INTO `role` (`value`, `name`, `admin`, `default`) VALUES (1, 'Administrator', 1, NULL);

# ROLE RESPONSIBILITIES TABLE
INSERT INTO `role_responsibilities` (`role_id`, `permission_id`) VALUES (1, 1);
INSERT INTO `role_responsibilities` (`role_id`, `permission_id`) VALUES (1, 2);
INSERT INTO `role_responsibilities` (`role_id`, `permission_id`) VALUES (1, 3);
INSERT INTO `role_responsibilities` (`role_id`, `permission_id`) VALUES (1, 4);
INSERT INTO `role_responsibilities` (`role_id`, `permission_id`) VALUES (1, 5);
INSERT INTO `role_responsibilities` (`role_id`, `permission_id`) VALUES (1, 6);
INSERT INTO `role_responsibilities` (`role_id`, `permission_id`) VALUES (1, 7);
INSERT INTO `role_responsibilities` (`role_id`, `permission_id`) VALUES (1, 8);
INSERT INTO `role_responsibilities` (`role_id`, `permission_id`) VALUES (1, 9);
INSERT INTO `role_responsibilities` (`role_id`, `permission_id`) VALUES (1, 10);
INSERT INTO `role_responsibilities` (`role_id`, `permission_id`) VALUES (1, 11);
INSERT INTO `role_responsibilities` (`role_id`, `permission_id`) VALUES (1, 12);
INSERT INTO `role_responsibilities` (`role_id`, `permission_id`) VALUES (1, 13);
INSERT INTO `role_responsibilities` (`role_id`, `permission_id`) VALUES (1, 14);
INSERT INTO `role_responsibilities` (`role_id`, `permission_id`) VALUES (1, 15);
INSERT INTO `role_responsibilities` (`role_id`, `permission_id`) VALUES (1, 16);
INSERT INTO `role_responsibilities` (`role_id`, `permission_id`) VALUES (1, 17);
INSERT INTO `role_responsibilities` (`role_id`, `permission_id`) VALUES (1, 18);
INSERT INTO `role_responsibilities` (`role_id`, `permission_id`) VALUES (1, 19);
INSERT INTO `role_responsibilities` (`role_id`, `permission_id`) VALUES (1, 20);
INSERT INTO `role_responsibilities` (`role_id`, `permission_id`) VALUES (1, 21);
INSERT INTO `role_responsibilities` (`role_id`, `permission_id`) VALUES (1, 22);
INSERT INTO `role_responsibilities` (`role_id`, `permission_id`) VALUES (1, 23);
INSERT INTO `role_responsibilities` (`role_id`, `permission_id`) VALUES (1, 24);
INSERT INTO `role_responsibilities` (`role_id`, `permission_id`) VALUES (1, 25);
INSERT INTO `role_responsibilities` (`role_id`, `permission_id`) VALUES (1, 26);
INSERT INTO `role_responsibilities` (`role_id`, `permission_id`) VALUES (1, 27);
INSERT INTO `role_responsibilities` (`role_id`, `permission_id`) VALUES (1, 28);
INSERT INTO `role_responsibilities` (`role_id`, `permission_id`) VALUES (1, 29);
INSERT INTO `role_responsibilities` (`role_id`, `permission_id`) VALUES (1, 30);
INSERT INTO `role_responsibilities` (`role_id`, `permission_id`) VALUES (1, 31);
INSERT INTO `role_responsibilities` (`role_id`, `permission_id`) VALUES (1, 32);
INSERT INTO `role_responsibilities` (`role_id`, `permission_id`) VALUES (1, 33);
INSERT INTO `role_responsibilities` (`role_id`, `permission_id`) VALUES (1, 34);
INSERT INTO `role_responsibilities` (`role_id`, `permission_id`) VALUES (1, 35);
INSERT INTO `role_responsibilities` (`role_id`, `permission_id`) VALUES (1, 36);
INSERT INTO `role_responsibilities` (`role_id`, `permission_id`) VALUES (1, 37);
INSERT INTO `role_responsibilities` (`role_id`, `permission_id`) VALUES (1, 38);
INSERT INTO `role_responsibilities` (`role_id`, `permission_id`) VALUES (1, 39);
INSERT INTO `role_responsibilities` (`role_id`, `permission_id`) VALUES (1, 40);
INSERT INTO `role_responsibilities` (`role_id`, `permission_id`) VALUES (1, 41);
INSERT INTO `role_responsibilities` (`role_id`, `permission_id`) VALUES (1, 42);
INSERT INTO `role_responsibilities` (`role_id`, `permission_id`) VALUES (1, 43);

# SETTINGS TABLE
INSERT INTO `settings` (`name`, `value`) VALUES ('alert_timeout', '5');
INSERT INTO `settings` (`name`, `value`) VALUES ('api', 'true');
INSERT INTO `settings` (`name`, `value`) VALUES ('auto_verify_new_assets', '0');
INSERT INTO `settings` (`name`, `value`) VALUES ('backup_auto', 'true');
INSERT INTO `settings` (`name`, `value`) VALUES ('backup_path', '/backups');
INSERT INTO `settings` (`name`, `value`) VALUES ('backup_remove', '15');
INSERT INTO `settings` (`name`, `value`) VALUES ('backup_schedule', 'daily');
INSERT INTO `settings` (`name`, `value`) VALUES ('currency', '$');
INSERT INTO `settings` (`name`, `value`) VALUES ('custom_auth', 'true');
INSERT INTO `settings` (`name`, `value`) VALUES ('custom_auth_ip_cert_fingerprint', '');
INSERT INTO `settings` (`name`, `value`) VALUES ('custom_auth_ip_cert_fingerprint_algorithm', 'sha1');
INSERT INTO `settings` (`name`, `value`) VALUES ('custom_auth_ip_entity_id', NULL);
INSERT INTO `settings` (`name`, `value`) VALUES ('custom_auth_ip_single_logout_service_response_url', NULL);
INSERT INTO `settings` (`name`, `value`) VALUES ('custom_auth_ip_single_logout_service_url', NULL);
INSERT INTO `settings` (`name`, `value`) VALUES ('custom_auth_ip_single_signOn_service_url', NULL);
INSERT INTO `settings` (`name`, `value`) VALUES ('custom_auth_sp_assertion_consumer_service_url', NULL);
INSERT INTO `settings` (`name`, `value`) VALUES ('custom_auth_sp_entity_id', NULL);
INSERT INTO `settings` (`name`, `value`) VALUES ('custom_auth_sp_single_logout_service_url', NULL);
INSERT INTO `settings` (`name`, `value`) VALUES ('custom_auth_version', NULL);
INSERT INTO `settings` (`name`, `value`) VALUES ('db_version', '1');
INSERT INTO `settings` (`name`, `value`) VALUES ('default_asset_valuation', '5');
INSERT INTO `settings` (`name`, `value`) VALUES ('default_current_maturity', '0');
INSERT INTO `settings` (`name`, `value`) VALUES ('default_date_format', 'YYYY-MM-DD');
INSERT INTO `settings` (`name`, `value`) VALUES ('default_desired_maturity', '3');
INSERT INTO `settings` (`name`, `value`) VALUES ('default_language', 'bp');
INSERT INTO `settings` (`name`, `value`) VALUES ('default_risk_score', '10');
INSERT INTO `settings` (`name`, `value`) VALUES ('default_timezone', 'America/Sao_Paulo');
INSERT INTO `settings` (`name`, `value`) VALUES ('max_upload_size', '5120000');
INSERT INTO `settings` (`name`, `value`) VALUES ('next_review_date_uses', 'InherentRisk');
INSERT INTO `settings` (`name`, `value`) VALUES ('plan_projects_show_all', '0');
INSERT INTO `settings` (`name`, `value`) VALUES ('registration_registered', '0');
INSERT INTO `settings` (`name`, `value`) VALUES ('risk_appetite', '0');
INSERT INTO `settings` (`name`, `value`) VALUES ('risk_mapping_required', '0');
INSERT INTO `settings` (`name`, `value`) VALUES ('risk_model', '3');

# SOURCE TABLE
INSERT INTO `source` (`value`, `name`) VALUES (1, 'People');
INSERT INTO `source` (`value`, `name`) VALUES (2, 'Process');
INSERT INTO `source` (`value`, `name`) VALUES (3, 'System');
INSERT INTO `source` (`value`, `name`) VALUES (4, 'External');
INSERT INTO `source` (`value`, `name`) VALUES (5, 'Environment');

# STATUS TABLE
INSERT INTO `status` (`value`, `name`) VALUES (1, 'New');
INSERT INTO `status` (`value`, `name`) VALUES (2, 'Planned Mitigation');
INSERT INTO `status` (`value`, `name`) VALUES (3, 'Management Assessed');
INSERT INTO `status` (`value`, `name`) VALUES (4, 'Closed');
INSERT INTO `status` (`value`, `name`) VALUES (5, 'Reopened');
INSERT INTO `status` (`value`, `name`) VALUES (6, 'Not Treated');
INSERT INTO `status` (`value`, `name`) VALUES (7, 'Treated');

# TEST RESULTS TABLE
INSERT INTO `test_results` (`value`, `name`, `background_class`) VALUES (1, 'Pass', 'green-background');
INSERT INTO `test_results` (`value`, `name`, `background_class`) VALUES (2, 'Inconclusive', 'white-background');
INSERT INTO `test_results` (`value`, `name`, `background_class`) VALUES (3, 'Fail', 'red-background');

# TEST STATUS TABLE
INSERT INTO `test_status` (`value`, `name`) VALUES (1, 'Awaiting evidence from the person responsible for control');
INSERT INTO `test_status` (`value`, `name`) VALUES (2, 'Evidence submitted/Pending review');
INSERT INTO `test_status` (`value`, `name`) VALUES (3, 'Passed a quality review');
INSERT INTO `test_status` (`value`, `name`) VALUES (4, 'Remediation required');
INSERT INTO `test_status` (`value`, `name`) VALUES (5, 'Closed');

# THREAT CATALOG TABLE
INSERT INTO `threat_catalog` (`id`, `number`, `grouping`, `name`, `description`, `order`) VALUES (1, 'NT-1', 1, 'Prolonged drought & lack of water', 'Droughts become a problem for business when they reach the extreme of water rationing.', 1);
INSERT INTO `threat_catalog` (`id`, `number`, `grouping`, `name`, `description`, `order`) VALUES (2, 'NT-2', 1, 'Earthquakes', 'Earthquakes have a major impact on urbanized areas.', 2);
INSERT INTO `threat_catalog` (`id`, `number`, `grouping`, `name`, `description`, `order`) VALUES (3, 'NT-3', 1, 'Fires', 'Fires are always a concern due to the huge impact on business and life.', 3);
INSERT INTO `threat_catalog` (`id`, `number`, `grouping`, `name`, `description`, `order`) VALUES (4, 'NT-4', 1, 'Floods', 'Floods are the most common type of natural disaster and require understanding their frequency and flows and impacts in localities.', 4);
INSERT INTO `threat_catalog` (`id`, `number`, `grouping`, `name`, `description`, `order`) VALUES (5, 'NT-5', 1, 'Hurricanes and Tropical Storms', 'Interruptions in public services, in addition to the impossibility of mobility, must be considered in cases of hurricanes and tropical storms.', 5);
INSERT INTO `threat_catalog` (`id`, `number`, `grouping`, `name`, `description`, `order`) VALUES (6, 'NT-6', 1, 'Landslides and falling barriers', 'Landslides can have major impacts and require knowledge of local geology to assess their risk', 6);
INSERT INTO `threat_catalog` (`id`, `number`, `grouping`, `name`, `description`, `order`) VALUES (7, 'NT-7', 1, 'Spread of diseases (pandemic or endemic)', 'Due to the wide variety of possible diseases, their speed of spread and their impact, these factors must be taken into account when assessing risk.\r\n\r\n', 7);
INSERT INTO `threat_catalog` (`id`, `number`, `grouping`, `name`, `description`, `order`) VALUES (8, 'NT-8', 1, 'Severe weather event', 'Severe weather event is a broad category that includes everything from strong winds to storm surges.\r\n\r\n', 8);
INSERT INTO `threat_catalog` (`id`, `number`, `grouping`, `name`, `description`, `order`) VALUES (9, 'NT-9', 1, 'Space weather events', 'This category includes space events that can affect satellites. The most common are solar storms. Understanding the dependency on affectable devices is necessary for risk assessment.', 9);
INSERT INTO `threat_catalog` (`id`, `number`, `grouping`, `name`, `description`, `order`) VALUES (10, 'NT-10', 1, 'Storms & Lightning', 'Events caused by lightning can damage buildings and infrastructure. Your frequency of dependence on affectable devices must be considered at risk.', 10);
INSERT INTO `threat_catalog` (`id`, `number`, `grouping`, `name`, `description`, `order`) VALUES (11, 'NT-11', 1, 'Tornadoes', 'Tornadoes occur in several locations and can destroy a wide range of buildings.', 11);
INSERT INTO `threat_catalog` (`id`, `number`, `grouping`, `name`, `description`, `order`) VALUES (12, 'NT-12', 1, 'Tsunamis', 'All tsunamis are potentially destructive and can occur in any coastal area in the world.', 12);
INSERT INTO `threat_catalog` (`id`, `number`, `grouping`, `name`, `description`, `order`) VALUES (13, 'NT-13', 1, 'Volcanoes', 'Although volcanoes are fixed objects, a large eruption can have far-reaching effects, including ash rain and damage to crops.', 13);
INSERT INTO `threat_catalog` (`id`, `number`, `grouping`, `name`, `description`, `order`) VALUES (14, 'NT-14', 1, 'Winter storms and extreme cold', 'Winter storms can impact mobility in affected locations.', 14);
INSERT INTO `threat_catalog` (`id`, `number`, `grouping`, `name`, `description`, `order`) VALUES (15, 'MT-1', 2, 'Civil or political unrest', 'Civil or political unrest are events, specific or widespread, that may be unexpected or unpredictable. These events can occur at any time and in any place.\r\n\r\n', 15);
INSERT INTO `threat_catalog` (`id`, `number`, `grouping`, `name`, `description`, `order`) VALUES (16, 'MT-2', 2, 'Hacking & other crimes related to Cybersecurity', 'Unlike physical threats that generally trigger an immediate reaction (such as fleeing a fire), cybercrimes are generally difficult to identify while the incident is ongoing. Detection commonly occurs after the incident with the exception of denial of service attacks. The scope of cybersecurity risks is limitless and threats can have effects on individuals, organizations or services.', 16);
INSERT INTO `threat_catalog` (`id`, `number`, `grouping`, `name`, `description`, `order`) VALUES (17, 'MT-3', 2, 'Emergencies with toxic materials', 'Toxic materials emergencies are focused on accidental disasters that occur involving toxic materials. These incidents can range from chemical spills to soil or water contamination.\r\n', 17);
INSERT INTO `threat_catalog` (`id`, `number`, `grouping`, `name`, `description`, `order`) VALUES (18, 'MT-4', 2, 'Nuclear, biological or chemical weapons.', 'The use of such weapons by international terrorists must be considered possible. The use of a dirty bomb is considered more likely than the use of a nuclear weapon. A large impact area must be considered.', 18);
INSERT INTO `threat_catalog` (`id`, `number`, `grouping`, `name`, `description`, `order`) VALUES (19, 'MT-5', 2, 'Physical crime', 'Physical crimes include traditional crimes. These incidents can range from assault, theft, vandalism or destoning.\r\n\r\n', 19);
INSERT INTO `threat_catalog` (`id`, `number`, `grouping`, `name`, `description`, `order`) VALUES (20, 'MT-6', 2, 'Terrorism and armed attacks', 'Armed attacks, regardless of the attacker\'s motivation, can impact the business. Scenarios range from a rampage to armed robberies including hostage situations. Consideration should be given to the possibility of using bladed weapons and explosives in addition to firearms.\r\n\r\n', 20);
INSERT INTO `threat_catalog` (`id`, `number`, `grouping`, `name`, `description`, `order`) VALUES (21, 'MT-7', 2, 'Failure in public services', 'Failures in public services are focused on continued lack of electricity, water, gas, telephone or internet.', 21);
INSERT INTO `threat_catalog` (`id`, `number`, `grouping`, `name`, `description`, `order`) VALUES (22, 'TT-1', 4, 'Unmitigated vulnerabilities', 'The abuse of unmitigated vulnerabilities is one of the main causes of security failures in systems.\r\n\r\n', 22);
INSERT INTO `threat_catalog` (`id`, `number`, `grouping`, `name`, `description`, `order`) VALUES (23, 'MT-8', 2, 'Inadequate internal procedures', 'Inadequately created internal procedures can expose data and systems to failures.', 23);
INSERT INTO `threat_catalog` (`id`, `number`, `grouping`, `name`, `description`, `order`) VALUES (24, 'MT-9', 2, 'Social engineering', 'Attackers can use social engineering to deceive employees and obtain privileged information or improper access.', 24);

# THREAT GROUPING TABLE
INSERT INTO `threat_grouping` (`value`, `name`, `default`, `order`) VALUES (1, 'Natural disaster', 0, 2);
INSERT INTO `threat_grouping` (`value`, `name`, `default`, `order`) VALUES (2, 'Man-made threat', 0, 1);
INSERT INTO `threat_grouping` (`value`, `name`, `default`, `order`) VALUES (3, 'Unassociated items', 1, 0);
INSERT INTO `threat_grouping` (`value`, `name`, `default`, `order`) VALUES (4, 'Technological threat', 0, 3);
